Número;Título;Autor
01;Princípios básicos da Umbanda;Osmar Barbosa
02;Umbanda. A nova Era chegou;Sandro Luiz e Murilo Hiarlley
03;Entrevista com Espíritos (os bastidores do centro espírita);Osmar Barbosa
04;Acordei no Umbral;Osmar Barbosa (esp. Lucas)
05;Cinco dias no Umbral – O Perdão;Osmar Barbosa (esp. Nina Brestonini)
06;Cinco dias no Umbral – O limite;Osmar Barbosa (esp. Nina Brestonini)
07;Legião – Um Olhar sobre reino das sombras;Robson Pinheiro (esp. Ângelo Inácio)
08;Senhores da Escuridão;Robson Pinheiro (esp. Ângelo Inácio)
09;A Marca da Besta;Robson Pinheiro (esp. Ângelo Inácio)
10;Além da Matéria;Robson Pinheiro (esp. Joseph Gleber)
11;Reiki para iniciantes;David Vennells
12;Chakras Autocura;Ana Maria Nardini
13;Mitologia dos Orixás;Reginaldo Prandi
14;Autocura – A luz do espiritismo;Juliano P. Fagundes
15;Ao encontro de si mesmo;Claudio Sinoti e Iris Sinoti
16;Deus confia nos Pais;Lucia Moysés
17;Educadores do coração;Walter Barcelos
18;O Evangelho no lar (onde, como e por que);FEAL – Fundação esp. André Luiz
19;Evangelho no lar p/ crianças de 8 a 80 anos;Miltes Carvalho Bonna (esp. Meimei)
20;Noções Elementares de Doutrina Espirita;Ed. Auta de Souza
21;Família;Ed. Auta de Souza
22;Vícios e Problemas;Ed. Auta de Souza
23;Nascimento, vida e morte;Ed. Auta de Souza
24;O mundo espiritual;Ed. Auta de Souza
25;Desmistificando a mediunidade;Evelyn Freire de Carvalho
26 A;O livro dos Espíritos;Allan Kardec
26 B;O livro dos Espíritos;Allan Kardec
27 A;O livro dos Médiuns;Allan Kardec
27 B;O livro dos Médiuns;Allan Kardec
28 A;O Evangelho Segundo o Espiritismo;Allan Kardec
28 B;O Evangelho Segundo o Espiritismo;Allan Kardec
29;Os mortos não morrem;Paiva Netto
30;Pelos caminhos da vida;Cristina Censon (esp. Danile)
31;Eles continuam entre nós – Vol 2;Zibia Gasparetto
32;Nessa Nova Caminhada;Lidiana Betega
33;Vivendo no mundo dos espíritos;Vera Lucia M. Carvalho (esp Patrícia)
34;Elizabetta de La Paz;Helaine Coutinho Sabbadine (esp. Nathanael)
35;Para Além das telas digitais;Lucia Moysés
36;O Poder da liberdade;André Luís Chiarini Villar
37;Parábolas de Jesus a luz da doutrina espirita;Org. Rafael Papa
38;Os mistérios do Universo;José Naufel
39;De Emmanuel para os médiuns;Org. Luiz Gonzaga Pinheiro
40;Drogas – Tortuoso caminho;Norma Jorge Moreira (esp. Fernando de O. Campelo)
41;O código do monte;Sergio Luis da Silva Lopes
42;Chico Xavier – Histórias e lições;Ricardo Orestes Forni
43;Atenção;Chico Xavier (esp. Emmanuel)
44;Afinal, por que adoecemos? – A visão espirita;Ricardo Sallum
45;Dentro de mim;José Carlos de Lucca
46;Meditação / Espiritismo;Cezar Braga Said, Sylvia Vianna Said
47;Ilumina – te;Divaldo Franco (esp. Joanna de Ângelis)
48;Fala, Preto velho;Wanderley Oliveira (esp. Pai João de Angola)
49;Do outro lado do espelho;Carlos A. Baccelli – Inácio Ferreira
50;Bíblia de estudo Scofield;Almeida Corrigida Fiel
51;A batalha dos iluminados;Osmar Barbosa (esp. Daniel)
52;A difícil arte de perdoar;Elaine Aldrovandi
53;Conhecereis a verdade;Ricardo Oeste Forni
54;Sublime Expiação;Divaldo Pereira Franco (Victor Hugo)
55;A mansão Renoir;Dolores Bacelar (esp. Alfredo)
56;Cinco Minutos;Isabel Scoqui
57;Herdeiros do novo mundo;André Luiz Ruiz (esp. Lucius)
58;Casulo de segredos;Elisa Galvão (asp. Adamus)
59;Semeando a luz na escuridão;Associação dos Deficientes Visuais de Patos de Minas
60;A Vida Depois da Morte;Osmar Barbosa
61;Guardião Exu;Osmar Barbosa
62;Impuros – A Legião de Exus;Osmar Barbosa
63;Colônia Espiritual – Laços Eternos;Osmar Barbosa
64;Os Viajores – Agentes dos Guardiões;Robson Pinheiro
65;O Reencontro de Heróis – Lutando para Vencer;João Alberto Teodoro
66;Jesus e as Sete Igrejas da Ásia – Esmirna;Paiva Netto
67;Jesus e as Sete Igrejas da Ásia – Éfeso;Paiva Netto
68;Buscando a Essência da Sabedoria – O Caminho da Meditação Perceptiva;Joseph Goldstein e Jack Kornfield
69;Saúde das Emoções;Alírio de Cerqueira Filho
70;A Missão dos 70 e o Lobo Invisível;Paiva Netto
71;Senhor Exu Calunga, um guardião da lei na Umbanda;José Augusto Barboza
72;Marabô, o Guardião das Matas;José Augusto Barboza
73;Os Arquétipos da Umbanda, As Hierarquias Espirituais dos Orixás;Rubens Saraceni
74;Desenvolvimento Mediúnico, Mediunidade Prática;Edgar Armond
75;Os Sete Orixás na Umbanda, Ensaios, Fundamentos e Rituais;Rodrigo Volponi
76;Senhor Exu Calunga, um guardião da Lei na Umbanda;José Augusto Barboza
77;O Livro Essencial de Umbanda;Ademir Barbosa Júnior
78;O Terreiro, Vivências de um Médium Contestando o Acaso;Pedro Scarabelo
79;Rituais Umbandistas: Oferendas, Firmezas e Assentamentos;Rubens Saraceni
80;Entidades da Umbanda: Segredos Revelados das Forças Ancestrais;Rodrigo Queiroz
81 A;Umbanda para Iniciantes;Rodrigo Queiroz
81 B;Umbanda para Iniciantes;Rodrigo Queiroz
81 C;Umbanda para Iniciantes;Rodrigo Queiroz
81 D;Umbanda para Iniciantes;Rodrigo Queiroz
82;Eu Sou Exu;Osmar Barbosa (esp. Lucas)
83;Oxalá: Lendas, Arquétipos e Teologia;Cláudia Souto e Paulo Augusto
84;Oxóssi: Lendas, Arquétipos e Teologia;Cláudia Souto e Paulo Augusto
85;Ogum: Lendas, Arquétipos e Teologia;Cláudia Souto e Paulo Augusto
86;Xangô: Lendas, Arquétipos e Teologia;Cláudia Souto e Paulo Augusto
87;Obaluaê: Lendas, Arquétipos e Teologia;Cláudia Souto e Paulo Augusto
88;Iemanjá: Lendas, Arquétipos e Teologia;Cláudia Souto e Paulo Augusto
89;Iansã: Lendas, Arquétipos e Teologia;Cláudia Souto e Paulo Augusto
90;Oxum: Lendas, Arquétipos e Teologia;Cláudia Souto e Paulo Augusto
91;Nanã: Lendas, Arquétipos e Teologia;Cláudia Souto e Paulo Augusto
92;Encontro com os Orixás;Maria Aparecida Martins
93;Orixás na Umbanda (Um Deus, Sete linhas e Muitos Orixás);Alexândre Cumino
